{
  "n_prompts": 24,
  "max_new_tokens": 64,
  "batch_size": 4,
  "results": {
    "serial": {
      "time": 123.82900595664978,
      "gen_tokens": 1313,
      "qps": 0.1938156558278595,
      "tps": 10.603331504249148
    },
    "batch": {
      "time": 34.74785280227661,
      "gen_tokens": 1297,
      "qps": 0.6906901596644144,
      "tps": 37.32604737853106
    },
    "vllm": {
      "time": 4.6106133460998535,
      "gen_tokens": 1239,
      "qps": 5.205381193003692,
      "tps": 268.7278040888156
    }
  }
}