{
  "n_prompts": 50,
  "max_new_tokens": 100,
  "batch_size": 8,
  "results": {
    "serial": {
      "time": 48.27802920341492,
      "gen_tokens": 3642,
      "qps": 1.0356677939219459,
      "tps": 75.43804210927453
    },
    "batch": {
      "time": 12.624565124511719,
      "gen_tokens": 3643,
      "qps": 3.9605324624545317,
      "tps": 288.5643952144372
    },
    "vllm": {
      "time": 1.1181750297546387,
      "gen_tokens": 3492,
      "qps": 44.71571862141431,
      "tps": 3122.9457885195757
    }
  }
}