{
  "n_prompts": 50,
  "max_new_tokens": 100,
  "batch_size": 8,
  "results": {
    "serial": {
      "time": 151.14108610153198,
      "gen_tokens": 5000,
      "qps": 0.33081673084188057,
      "tps": 33.081673084188054
    },
    "batch": {
      "time": 24.4857075214386,
      "gen_tokens": 5000,
      "qps": 2.04200756527955,
      "tps": 204.200756527955
    },
    "vllm": {
      "time": 1.9404332637786865,
      "gen_tokens": 4634,
      "qps": 25.767441186115782,
      "tps": 2388.126449129211
    }
  }
}