{
  "n_prompts": 50,
  "max_new_tokens": 100,
  "batch_size": 8,
  "results": {
    "serial": {
      "time": 350.70776414871216,
      "gen_tokens": 3636,
      "qps": 0.14256884252724522,
      "tps": 10.367606228581272
    },
    "batch": {
      "time": 366.3286099433899,
      "gen_tokens": 3636,
      "qps": 0.13648947595910318,
      "tps": 9.925514691745983
    },
    "vllm": {
      "time": 38.61286520957947,
      "gen_tokens": 2412,
      "qps": 1.2949052013782054,
      "tps": 62.46622691448463
    }
  }
}