{
  "n_prompts": 50,
  "max_new_tokens": 100,
  "batch_size": 8,
  "results": {
    "serial": {
      "time": 84.41095113754272,
      "gen_tokens": 5000,
      "qps": 0.5923402038027971,
      "tps": 59.2340203802797
    },
    "batch": {
      "time": 12.239635229110718,
      "gen_tokens": 5000,
      "qps": 4.085089062219773,
      "tps": 408.5089062219773
    },
    "vllm": {
      "time": 0.9960153102874756,
      "gen_tokens": 4586,
      "qps": 50.200031549282826,
      "tps": 4604.346893700221
    }
  }
}