{
  "n_prompts": 50,
  "max_new_tokens": 100,
  "batch_size": 8,
  "results": {
    "serial": {
      "time": 73.04603958129883,
      "gen_tokens": 3552,
      "qps": 0.6844998070614214,
      "tps": 48.626866293643374
    },
    "batch": {
      "time": 15.68393874168396,
      "gen_tokens": 3687,
      "qps": 3.187974706067462,
      "tps": 235.08125482541465
    },
    "vllm": {
      "time": 1.3664793968200684,
      "gen_tokens": 3483,
      "qps": 36.59037971326528,
      "tps": 2548.885850826059
    }
  }
}