{
  "n_prompts": 50,
  "max_new_tokens": 100,
  "batch_size": 8,
  "results": {
    "serial": {
      "time": 69.97032570838928,
      "gen_tokens": 3639,
      "qps": 0.7145886415961776,
      "tps": 52.00776133536981
    },
    "batch": {
      "time": 14.370515584945679,
      "gen_tokens": 3711,
      "qps": 3.479346284024715,
      "tps": 258.2370812003143
    },
    "vllm": {
      "time": 1.2181501388549805,
      "gen_tokens": 3492,
      "qps": 41.04584353370291,
      "tps": 2866.6417123938113
    }
  }
}