{
  "n_prompts": 50,
  "max_new_tokens": 100,
  "batch_size": 8,
  "results": {
    "serial": {
      "time": 192.7941770553589,
      "gen_tokens": 5000,
      "qps": 0.2593439322892154,
      "tps": 25.93439322892154
    },
    "batch": {
      "time": 98.43693280220032,
      "gen_tokens": 5000,
      "qps": 0.5079394346883019,
      "tps": 50.7939434688302
    },
    "vllm": {
      "time": 60.51285457611084,
      "gen_tokens": 4655,
      "qps": 0.8262707213243732,
      "tps": 76.92580415529915
    }
  }
}