dataset,eval_split,method,accuracy,f1_weighted,f1_positive,precision_positive,recall_positive,threshold,vocab_size
lcqmc,test,majority,0.5,0.33333333333333326,0.6666666666666666,0.5,1.0,,
lcqmc,test,length_similarity,0.55496,0.5159874352948373,0.6533308406555742,0.5350617535980402,0.83872,0.2516814159292035,
lcqmc,test,char_jaccard,0.69552,0.6877000410063139,0.7371183865174747,0.6485172581429266,0.85376,0.58,
lcqmc,test,tfidf_cosine,0.6324,0.6179992971652618,0.6921685536276546,0.595367062348738,0.82656,0.5100000000000002,50000
bq_corpus,test,majority,0.4916473317865429,0.32409416582849104,0.0,0.0,0.0,,
bq_corpus,test,length_similarity,0.5614849187935035,0.5603480204014024,0.5862521891418564,0.563315103071098,0.6111364673664993,0.17001601667277744,
bq_corpus,test,char_jaccard,0.6908352668213457,0.6908392580236163,0.6956720338015302,0.6962285714285714,0.6951163852122318,0.195,
bq_corpus,test,tfidf_cosine,0.6707656612529003,0.67035093169319,0.6848767488341105,0.666955017301038,0.7037882245549977,0.07,50000
