dataset,eval_split,method,accuracy,f1_weighted,f1_positive,precision_positive,recall_positive,threshold,vocab_size
lcqmc,validation,majority,0.5001136105430584,0.33345957491828887,0.6667676461678279,0.5001136105430584,1.0,,
lcqmc,validation,length_similarity,0.5144285389684162,0.4631183812477429,0.6291218326969802,0.5089862398202752,0.8234893230349841,0.2516814159292035,
lcqmc,validation,char_jaccard,0.6233810497614178,0.6128749725960355,0.6766799960987028,0.5928901042556828,0.7880508859609269,0.58,
lcqmc,validation,tfidf_cosine,0.6130424903431039,0.5962896796632012,0.678557946394866,0.5804003874717468,0.8166742389822808,0.5100000000000002,50000
bq_corpus,validation,majority,0.49779582366589326,0.33088713180239304,0.0,0.0,0.0,,
bq_corpus,validation,length_similarity,0.5583526682134571,0.5570821986921638,0.5816943193055708,0.5546940486169321,0.6114576114576115,0.17001601667277744,
bq_corpus,validation,char_jaccard,0.6870069605568445,0.6870081400047505,0.687369640787949,0.6896070681236922,0.6851466851466852,0.195,
bq_corpus,validation,tfidf_cosine,0.6720417633410672,0.6717583173322111,0.6821095243449904,0.6645486415425066,0.7006237006237006,0.07,50000
